datetime,layer,tp
1989-01-01,epi,50.84491341711689
1989-02-01,epi,36.98633836932464
1989-03-01,epi,38.6608644203871
1989-04-01,epi,35.541036065333984
1989-05-01,epi,37.762869113548106
1989-06-01,epi,28.723615296069656
1989-07-01,epi,26.135005640484284
1989-08-01,epi,23.16080424591019
1989-09-01,epi,27.896484809137007
1989-10-01,epi,28.71978541496264
1989-11-01,epi,33.30208953848238
1989-12-01,epi,34.03088575108584
1990-01-01,epi,47.47249689758302
1990-02-01,epi,49.873473856565894
1990-03-01,epi,52.85995386618447
1990-04-01,epi,46.986671489112105
1990-05-01,epi,29.509961709436737
1990-06-01,epi,30.921467445537807
1990-07-01,epi,33.3506855077712
1990-08-01,epi,31.372129608045114
1990-09-01,epi,30.07564689763511
1990-10-01,epi,32.73480807003756
1990-11-01,epi,31.982609315707915
1990-12-01,epi,35.85984980624512
1991-01-01,epi,40.596424379226576
1991-02-01,epi,43.47223481624946
1991-03-01,epi,55.86547438160291
1991-04-01,epi,49.83192057363868
1991-05-01,epi,24.489718408182096
1991-06-01,epi,36.673434743260685
1991-07-01,epi,93.7671289872092
1991-08-01,epi,38.232241927786056
1991-09-01,epi,30.161552243542957
1991-10-01,epi,46.88132606886865
1991-11-01,epi,32.61240294614061
1991-12-01,epi,109.14971413542389
1992-01-01,epi,142.23470803451596
1992-02-01,epi,71.93466379085159
1992-03-01,epi,75.63360566228326
1992-04-01,epi,38.73812176950128
1992-05-01,epi,23.697031153688098
1992-06-01,epi,37.47852692292084
1992-07-01,epi,49.036777203584045
1992-08-01,epi,23.761402698161813
1992-09-01,epi,31.228458251037306
1992-10-01,epi,19.996183368828508
1992-11-01,epi,24.04861911902192
1992-12-01,epi,27.647913997100083
1993-01-01,epi,62.34240083687353
1993-02-01,epi,40.28516212887633
1993-03-01,epi,61.80015320791617
1993-04-01,epi,57.86568175366339
1993-05-01,epi,27.764270706314274
1993-06-01,epi,19.719954673223917
1993-07-01,epi,26.949205437975
1993-08-01,epi,20.33692831107354
1993-09-01,epi,21.789238458304997
1993-10-01,epi,28.94211519214971
1993-11-01,epi,30.87637828723649
1993-12-01,epi,35.41282099662875
1994-01-01,epi,45.28697033616462
1994-02-01,epi,47.501630967172574
1994-03-01,epi,55.91607368530706
1994-04-01,epi,50.24930854664215
1994-05-01,epi,46.35470974643768
1994-06-01,epi,42.34593651725131
1994-07-01,epi,38.649841619929354
1994-08-01,epi,34.14632165149957
1994-09-01,epi,30.197675963550694
1994-10-01,epi,25.30056739259876
1994-11-01,epi,28.40402460197041
1994-12-01,epi,40.35868748102177
1995-01-01,epi,50.65317232219798
1995-02-01,epi,50.90332986156155
1995-03-01,epi,48.58669524712131
1995-04-01,epi,44.76325349625541
1995-05-01,epi,40.15293717129513
1995-06-01,epi,35.502625098599744
1995-07-01,epi,31.16572197017731
1995-08-01,epi,26.248122038696593
1995-09-01,epi,21.433743267560878
1995-10-01,epi,19.030252968594752
1995-11-01,epi,19.01073129205428
1995-12-01,epi,21.469962301869845
1996-01-01,epi,18.386050816495313
1996-02-01,epi,21.322383073441124
1996-03-01,epi,25.699142974303992
1996-04-01,epi,26.31842214785514
1996-05-01,epi,25.393851734075337
1996-06-01,epi,24.666389077427603
1996-07-01,epi,23.798078383620982
1996-08-01,epi,22.858057864380708
1996-09-01,epi,22.06203022633408
1996-10-01,epi,22.414806315544286
1996-11-01,epi,36.5972340618178
1996-12-01,epi,41.347426273869004
1997-01-01,epi,56.189833196213115
1997-02-01,epi,42.260538108832684
1997-03-01,epi,41.16748582361215
1997-04-01,epi,41.781259911950954
1997-05-01,epi,40.234945736396185
1997-06-01,epi,38.940008086026694
1997-07-01,epi,37.62575755201996
1997-08-01,epi,36.21829292993185
1997-09-01,epi,34.72322225739507
1997-10-01,epi,33.34318126271126
1997-11-01,epi,33.351744054307304
1997-12-01,epi,29.07910000162886
1998-01-01,epi,34.21613233713551
1998-02-01,epi,39.06375710767648
1998-03-01,epi,45.1321878366618
1998-04-01,epi,38.77496403272394
1998-05-01,epi,22.03107020536191
1998-06-01,epi,28.135136114926496
1998-07-01,epi,27.707024295693728
1998-08-01,epi,22.138209113928756
1998-09-01,epi,14.120140453929215
1998-10-01,epi,28.171279584491682
1998-11-01,epi,32.4630339549092
1998-12-01,epi,33.029489978912814
1999-01-01,epi,43.096554655588676
1999-02-01,epi,51.48769198537839
1999-03-01,epi,51.5359198403774
1999-04-01,epi,43.23301120622157
1999-05-01,epi,28.744008699822494
1999-06-01,epi,38.36653647111615
1999-07-01,epi,22.45523282487164
1999-08-01,epi,19.78793260213422
1999-09-01,epi,21.834776340722726
1999-10-01,epi,19.038304924059588
1999-11-01,epi,21.388348061644205
1999-12-01,epi,34.99784694162405
2000-01-01,epi,46.662099235361076
2000-02-01,epi,52.63584043798217
2000-03-01,epi,63.87437788106079
2000-04-01,epi,37.40708301380933
2000-05-01,epi,28.83894727224316
2000-06-01,epi,17.621035020937207
2000-07-01,epi,16.62850197314276
2000-08-01,epi,16.51974483679581
2000-09-01,epi,17.678486429647457
2000-10-01,epi,17.555811565164504
2000-11-01,epi,26.341808812966587
2000-12-01,epi,32.911423003669206
2001-01-01,epi,35.807265821136056
2001-02-01,epi,38.575940803035486
2001-03-01,epi,41.84347277517229
2001-04-01,epi,28.655276037608612
2001-05-01,epi,19.777144247417105
2001-06-01,epi,17.543351681645582
2001-07-01,epi,15.573148632252327
2001-08-01,epi,24.50057801634431
2001-09-01,epi,32.70972646192202
2001-10-01,epi,27.369645375382667
2001-11-01,epi,36.407014204509
2001-12-01,epi,69.47994979044006
2002-01-01,epi,39.56583887405927
2002-02-01,epi,45.125266272889974
2002-03-01,epi,48.51863287383528
2002-04-01,epi,40.83169409285277
2002-05-01,epi,22.96879486659101
2002-06-01,epi,22.220579555182006
2002-07-01,epi,26.597464553814568
2002-08-01,epi,19.633736785583984
2002-09-01,epi,22.39445168425228
2002-10-01,epi,22.950823852317832
2002-11-01,epi,23.45501006135309
2002-12-01,epi,23.528629041305585
2003-01-01,epi,30.32550049233401
2003-02-01,epi,27.16546296789085
2003-03-01,epi,17.482582789875867
2003-04-01,epi,15.698962897282891
2003-05-01,epi,23.46055064371884
2003-06-01,epi,35.11351432173554
2003-07-01,epi,16.29040919731075
2003-08-01,epi,12.1873048196746
2003-09-01,epi,15.839590101706525
2003-10-01,epi,17.036203308742554
2003-11-01,epi,20.840492751995086
2003-12-01,epi,27.344382640014242
2004-01-01,epi,53.701887281524876
2004-02-01,epi,144.5915357153926
2004-03-01,epi,59.93002379589901
2004-04-01,epi,27.214894905108835
2004-05-01,epi,20.021168589690376
2004-06-01,epi,24.05835328218286
2004-07-01,epi,15.391482567143346
2004-08-01,epi,16.204637355245392
2004-09-01,epi,20.05430331881451
2004-10-01,epi,29.25705306656777
2004-11-01,epi,30.945340832138974
2004-12-01,epi,37.12360978082882
2005-01-01,epi,37.98629870922742
2005-02-01,epi,37.11503531552217
2005-03-01,epi,36.24097399542771
2005-04-01,epi,32.927885013067154
2005-05-01,epi,20.25944891653613
2005-06-01,epi,16.270753987200234
2005-07-01,epi,18.025615403338982
2005-08-01,epi,20.51991406378057
2005-09-01,epi,20.21928125519301
2005-10-01,epi,20.468934751630893
2005-11-01,epi,23.787446067040218
2005-12-01,epi,33.60460113703298
2006-01-01,epi,25.009191194536516
2006-02-01,epi,29.040593804272802
2006-03-01,epi,28.348523806427494
2006-04-01,epi,28.359731984811418
2006-05-01,epi,26.71407767370102
2006-06-01,epi,17.17251770817203
2006-07-01,epi,15.846047932455434
2006-08-01,epi,14.108147455370855
2006-09-01,epi,15.89261466435067
2006-10-01,epi,21.033800867104386
2006-11-01,epi,24.98875378415044
2006-12-01,epi,36.87575354114544
2007-01-01,epi,47.571159421560886
2007-02-01,epi,43.745147476849205
2007-03-01,epi,41.182374376727275
2007-04-01,epi,16.531370793027648
2007-05-01,epi,17.682748609151485
2007-06-01,epi,17.380875167323943
2007-07-01,epi,19.462468266994225
2007-08-01,epi,11.767981648959864
2007-09-01,epi,11.93322780286303
2007-10-01,epi,18.988149252611645
2007-11-01,epi,35.48559406159027
2007-12-01,epi,42.80224641964842
2008-01-01,epi,52.585341291285474
2008-02-01,epi,44.30328275634994
2008-03-01,epi,43.43283348657517
2008-04-01,epi,27.15749999500673
2008-05-01,epi,15.144380694310787
2008-06-01,epi,15.490201003886824
2008-07-01,epi,17.215730894928324
2008-08-01,epi,15.447813058615099
2008-09-01,epi,13.643380744741847
2008-10-01,epi,18.9638245175892
2008-11-01,epi,29.551136672319753
2008-12-01,epi,32.14452587727988
2009-01-01,epi,39.63060192504818
2009-02-01,epi,41.57344334178854
2009-03-01,epi,43.32868862013026
2009-04-01,epi,28.568744438667068
2009-05-01,epi,12.653954483438202
2009-06-01,epi,12.991891345390338
2009-07-01,epi,10.913917428754356
2009-08-01,epi,8.290194190768228
2009-09-01,epi,8.983966378004808
2009-10-01,epi,17.61806949289087
2009-11-01,epi,34.17492302334442
2009-12-01,epi,47.85628648300873
2010-01-01,epi,50.224336587215646
2010-02-01,epi,47.03783074310034
2010-03-01,epi,31.831126727950874
2010-04-01,epi,50.14617822313231
2010-05-01,epi,23.438826687660665
2010-06-01,epi,14.89798852951729
2010-07-01,epi,12.156221631076972
2010-08-01,epi,20.13159609881833
2010-09-01,epi,27.504946363176067
2010-10-01,epi,19.774500422119416
2010-11-01,epi,43.288306350713555
2010-12-01,epi,56.5619285107968
2011-01-01,epi,74.9622193578693
2011-02-01,epi,63.90733799121399
2011-03-01,epi,53.99032227820704
2011-04-01,epi,60.41392079684279
2011-05-01,epi,31.502081288354848
2011-06-01,epi,23.170630606031036
2011-07-01,epi,31.39798595043862
2011-08-01,epi,20.57534674995626
2011-09-01,epi,11.343930165228809
2011-10-01,epi,13.791441888759193
2011-11-01,epi,22.849752577539572
2011-12-01,epi,65.0225683140471
2012-01-01,epi,60.630977325529265
2012-02-01,epi,60.11277622057369
2012-03-01,epi,56.01131468352972
2012-04-01,epi,34.53565798163824
2012-05-01,epi,33.1328044277843
2012-06-01,epi,17.72950689949193
2012-07-01,epi,36.80823487011949
2012-08-01,epi,16.233160156693526
2012-09-01,epi,21.203243544050135
2012-10-01,epi,20.035052591539966
2012-11-01,epi,39.977570139991755
2012-12-01,epi,49.13420102905981
2013-01-01,epi,53.78586577098138
2013-02-01,epi,54.77613025873864
2013-03-01,epi,47.942625441530126
2013-04-01,epi,27.458962524933742
2013-05-01,epi,19.483570947816105
2013-06-01,epi,10.532517068747286
2013-07-01,epi,16.746427398168535
2013-08-01,epi,20.992806302438524
2013-09-01,epi,18.368497407207773
2013-10-01,epi,17.252972116920784
2013-11-01,epi,39.13073984349636
2013-12-01,epi,67.67516736685754
2014-01-01,epi,66.76838221048767
2014-02-01,epi,67.82757759917536
2014-03-01,epi,59.35363312215148
2014-04-01,epi,36.902878441160624
2014-05-01,epi,30.485272819874837
2014-06-01,epi,23.73711013508097
2014-07-01,epi,30.528582183768407
2014-08-01,epi,19.901348958067807
2014-09-01,epi,22.464423780294243
2014-10-01,epi,35.1040154448832
2014-11-01,epi,42.47661454176364
2014-12-01,epi,72.03236747708573
2015-01-01,epi,74.3399650159858
2015-02-01,epi,64.30152610572517
2015-03-01,epi,45.04351567843013
2015-04-01,epi,47.42424645916787
2015-05-01,epi,22.74541509436487
2015-06-01,epi,18.508789951183292
2015-07-01,epi,16.182613351712934
2015-08-01,epi,17.87277300761956
2015-09-01,epi,23.439184595876785
2015-10-01,epi,27.161978048375996
2015-11-01,epi,53.67094739315359
2015-12-01,epi,63.26525325711145
2016-01-01,epi,66.76995321751795
2016-02-01,epi,63.92291595691814
2016-03-01,epi,60.5876431399008
2016-04-01,epi,45.8049277561973
2016-05-01,epi,30.27844621237231
2016-06-01,epi,22.059626157531042
2016-07-01,epi,21.16940637462297
2016-08-01,epi,20.428165010426106
2016-09-01,epi,34.768022911876265
2016-10-01,epi,34.58695055444462
2016-11-01,epi,47.777591798560664
2016-12-01,epi,49.5291818436767
2017-01-01,epi,56.58039900816641
2017-02-01,epi,61.56034198769646
2017-03-01,epi,59.24958341288405
2017-04-01,epi,36.6334386669254
2017-05-01,epi,21.02487102868192
2017-06-01,epi,18.471188647651786
2017-07-01,epi,21.911848455399443
2017-08-01,epi,19.523265174023937
2017-09-01,epi,19.037880705567172
2017-10-01,epi,23.651440122251508
2017-11-01,epi,33.59578681142753
2017-12-01,epi,38.29156021359827
2018-01-01,epi,45.48270013979494
2018-02-01,epi,43.01296156406895
2018-03-01,epi,41.71415498679424
2018-04-01,epi,31.567747481396054
2018-05-01,epi,31.363679723886094
2018-06-01,epi,28.29539933258955
2018-07-01,epi,23.379290725454585
2018-08-01,epi,35.08726809983233
2018-09-01,epi,33.8468191041743
2018-10-01,epi,21.597888314621038
2018-11-01,epi,23.79309290535791
2018-12-01,epi,25.25663634310126
2019-01-01,epi,27.31431959611589
2019-02-01,epi,33.47130668111136
2019-03-01,epi,33.158688167418795
2019-04-01,epi,25.808809246897795
2019-05-01,epi,14.001414595751523
2019-06-01,epi,14.504663722741112
2019-07-01,epi,16.966625462246
2019-08-01,epi,26.319365817382597
2019-09-01,epi,32.66824988397331
2019-10-01,epi,23.98162907073813
2019-11-01,epi,47.77354836531737
2019-12-01,epi,42.29289778683117
2020-01-01,epi,40.52113715872912
2020-02-01,epi,48.38900109496155
2020-03-01,epi,48.00993808054315
2020-04-01,epi,36.67049513154327
2020-05-01,epi,12.967215879863772
2020-06-01,epi,13.784952074181417
2020-07-01,epi,15.402071554737892
2020-08-01,epi,16.715299495427704
2020-09-01,epi,23.09756886566989
2020-10-01,epi,22.19289305852623
2020-11-01,epi,23.677017755133928
2020-12-01,epi,28.8019306782969
2021-01-01,epi,43.4518171773775
2021-02-01,epi,35.31369182055123
2021-03-01,epi,39.80054686604484
2021-04-01,epi,39.00841361112326
2021-05-01,epi,17.460543333583146
2021-06-01,epi,21.118664720384608
2021-07-01,epi,24.06317463160672
2021-08-01,epi,13.585180679651549
2021-09-01,epi,14.482132882848124
2021-10-01,epi,17.300485091987177
2021-11-01,epi,25.096578650036875
2021-12-01,epi,35.23355121165677
2022-01-01,epi,37.17872029741703
2022-02-01,epi,39.73289364878081
2022-03-01,epi,40.086415196733356
2022-04-01,epi,29.594093803665135
2022-05-01,epi,22.172518147719224
2022-06-01,epi,19.417095878032494
2022-07-01,epi,19.69872592063918
2022-08-01,epi,22.416257363037843
2022-09-01,epi,18.314005934073226
2022-10-01,epi,23.312985025988162
2022-11-01,epi,36.17544784477898
2022-12-01,epi,55.95535594047981
2023-01-01,epi,44.35174223198078
2023-02-01,epi,44.89503919397999
2023-03-01,epi,33.778891249616095
2023-04-01,epi,31.970519169772373
2023-05-01,epi,21.12384257993056
2023-06-01,epi,18.60816877798842
2023-07-01,epi,17.389818468858145
2023-08-01,epi,17.311310087779184
2023-09-01,epi,21.82322060197724
2023-10-01,epi,45.56569600664439
2023-11-01,epi,45.211454151273145
2023-12-01,epi,51.178454915936086
2024-01-01,epi,51.28145714423947
2024-02-01,epi,56.52520324988792
2024-03-01,epi,55.383952693772734
2024-04-01,epi,51.41659645419588
2024-05-01,epi,33.82298213714641
2024-06-01,epi,32.647285054679216
2024-07-01,epi,27.776884481972555
2024-08-01,epi,25.88001106158056
2024-09-01,epi,27.775156674738806
2024-10-01,epi,19.967751409305723
2024-11-01,epi,30.086939690080804
2024-12-01,epi,42.60960206012626
